latitude,longitude,collision,distance_to_forest,forestHubName,distance_to_railway,railwayHubName,distance_to_water,waterHubName
6.063195134,80.21367921,0,602.2144,533297441,2048.456304,19314715,1043.731364,96
6.057277176,80.19341457,0,105.9869157,567727863,743.866038,8873168,910.3942871,1380
6.948359957,79.84106718,0,2895.200135,392170146,1893.520613,23570034,1634.20517,68
6.05759307,80.19952905,0,199.0103473,568061057,1296.871381,19314715,991.759096,1380
6.044970498,80.19923791,0,543.0636274,542605804,639.311603,19314715,618.0498273,1380
6.043134544,80.20978929,0,339.3200565,536733871,715.683003,19314715,606.5957304,6
6.031536299,80.23339128,0,343.8819801,553142914,620.8913235,8072149,1190.882167,1219
7.176441224,79.89403205,0,738.0676395,1222687826,4138.194502,198188369,6322.790269,42
6.935976963,79.8848279,0,1428.419711,582020061,198.2525142,50738688,15982.61603,1937
6.947807826,80.59519655,0,2894.481056,9387505,3386.45308,30617333,2693.623143,5053
7.265808085,79.87026924,0,5224.733115,599241836,7690.665816,198188369,14492.93924,804
6.943657102,79.87857787,0,2298.745774,582020061,1013.138242,331333601,826.6006992,33
8.370909031,80.51381898,0,1972.56651,1217679441,5914.881153,62005148,433.2431696,10755
6.945326395,79.87467784,0,2448.280039,392170146,983.1799863,929600799,653.0678421,33
6.918950118,79.87667368,0,437.3565809,578298184,800.8263756,349170726,614.9221592,5352
6.929752013,79.8664118,0,1925.206061,582020061,51.68125985,259451406,902.5069685,34
6.866969776,79.87050908,0,1200.137988,467373513,4252.715994,98371190,379.258421,209
6.680931468,79.92675316,0,508.5491071,1201646860,5009.159819,29476220,488.2333467,70
6.569699841,79.97179786,0,669.7410145,1188615935,978.0892613,98399596,525.6693513,1510
6.489178437,79.96392118,0,2206.842957,773617215,2105.160248,98399585,2690.312045,14907
6.284848785,80.02749835,0,5453.681664,1443796014,2860.060756,98399562,5081.791855,12658
6.258555732,80.03095906,0,4080.918912,1443796014,2386.381724,98401993,4302.683793,12658
6.459219174,79.99470945,0,1172.256181,1214902890,1910.411563,147409247,1511.368923,74
6.509252971,80.00108986,0,1269.57236,1214037210,2236.255083,98399575,1846.668863,14943
6.386576354,80.02632766,0,2555.883632,128546296,3081.368571,98399577,770.8052335,440
6.279090528,80.03052988,0,4823.679803,1443796014,3400.1153,98399562,4531.651982,12658
6.050049179,80.16509404,0,1800.369835,533970657,2535.899482,8873168,3052.65281,11559
6.195901984,80.04811004,0,6765.151639,1471771183,2268.503452,151202975,1682.104176,13496
7.267019012,80.17256716,0,2411.942469,635076501,1021.552487,98568319,8564.455221,12611
7.106459248,80.00061868,0,1602.233895,432317954,565.0719546,318705194,130.0225914,12605
8.291629169,80.35046398,0,1450.411243,535241377,7885.940049,279729361,13504.61694,590
6.838810816,79.93167416,0,284.1292448,583762305,7695.854273,537840423,843.0796327,5562
8.404157136,80.44314289,0,732.0429288,287246850,1325.900494,279111450,9013.442191,590
8.595335068,81.19254088,0,37200.55045,9449594,7288.078793,439342829,821.9853206,12202
8.069363456,80.95422708,0,30929.65405,9449594,3510.124074,406600499,3656.189601,612
7.924904243,81.10828575,0,7184.652414,8104390,6284.113654,131344778,6637.505364,8433
7.886903246,81.09569581,0,5082.552259,12655549,8589.160873,131344778,2622.87448,8433
7.90429551,81.09278176,0,6004.2012,12655549,1006.814029,131344773,4544.274378,8433
7.918997343,81.08856057,0,8215.529364,8104390,605.86236,101623214,6235.338638,8433
7.94017972,81.49625552,0,425.5667365,472856568,5393.839401,456304824,14796.76234,2764
7.238766434,80.60099735,0,2059.920554,9382853,849.0970697,309821086,2158.782738,26
7.352061561,80.65795962,0,2398.414797,591026547,1558.017426,101855249,2405.870699,1452
7.341297831,80.639138,0,621.2383003,570463736,1096.643851,417957308,1825.035205,1452
7.161637954,80.55366001,0,1116.967756,7832571,1070.863487,101974188,3872.073883,25
6.971741245,80.55252841,0,2990.207183,9387505,2083.843062,373187956,827.5537306,1136
6.981233829,80.5355155,0,3299.160077,11800358,1372.260469,373187956,2263.583145,1147
7.000307919,80.52057235,0,1948.524932,11800358,3768.467854,373187956,1115.79328,1158
6.866319187,80.81384019,0,7267.268178,6194584,4800.762405,102018657,5423.026052,4667
6.87618237,80.81395652,0,8288.320839,6194584,4055.300306,102018657,4935.637591,4667
6.793759783,80.99611588,0,523.7664844,1478780561,2624.170135,102116929,1349.78157,7722
6.808260308,80.87159458,0,9197.93818,6194584,2341.356583,275750347,462.7149707,858
6.803673007,80.85990058,0,7904.249285,6194584,1384.148615,275750347,1223.33808,858
6.890234507,81.04773606,0,1487.51598,386502845,1282.574865,417950607,440.8850007,4129
6.924356249,81.077605,0,4071.858072,527750030,2737.994275,417950558,3203.162493,290
6.8769371,81.04178455,0,285.6049453,482969336,498.3888051,581249920,1100.768165,5528
6.063785627,80.21058654,0,446.1092336,567650549,1966.01376,19314715,1364.612878,96
5.966447335,80.37157153,0,4384.407136,151199829,608.1453959,278375406,7959.189227,5
7.952750941,81.03116002,0,10051.31406,12655549,845.9745688,131344747,4880.503272,831
7.905338971,81.07320214,0,4878.82901,12655549,263.8707241,131344774,311.0834823,4147
8.014436606,80.98628857,0,37082.52511,9449594,876.0923836,131344779,1096.163749,91
7.928864743,81.09728993,0,6909.430711,8104390,7526.883532,131344778,7112.535155,8433
7.90183297,81.08846227,0,5480.358773,12655549,1299.384592,988828707,4454.780532,8433
8.004255397,80.96904901,0,10209.95258,7668082,1375.643955,131344772,2209.072371,91
7.93374232,81.10981743,0,6202.166077,8104390,6244.160283,131344778,8903.612363,593
7.915309477,81.11356076,0,8243.687196,8104390,5741.451258,131344778,5648.609758,8433
8.020257851,80.96121909,0,36347.02622,9449594,2105.900475,406600499,3508.154395,91
7.91951412,81.07936223,0,8524.550058,8104390,932.4331297,988828707,11552.55542,593
7.926841662,81.06618187,0,8544.013515,8104390,1978.722078,131344770,11620.02434,593
7.921934802,81.07761718,0,8364.1982,8104390,1246.786075,988828707,11406.94985,593
7.986690439,81.00128748,0,10596.08216,7668082,958.5815067,131344748,2424.440871,91
6.444902899,80.00055385,0,1153.11411,1309522495,606.8338037,147409247,2717.188707,74
6.449251155,79.99282841,0,1067.662471,147445612,872.6950477,147409247,2532.059815,74
6.418239153,80.00545278,0,1394.199073,148999156,866.0297698,98399597,4550.532713,900
6.411077841,79.98843128,0,1494.59597,148999156,1444.836076,98399597,6455.014654,900
6.239588243,80.05377092,0,2422.787114,1443796014,1120.142077,98401993,560.588381,10068
8.038726076,80.57015077,0,3704.406653,6182307,7789.601562,158821460,2630.672991,10556
7.995297818,80.53551859,0,3505.109523,6182307,16832.66063,101262974,2003.270921,9030
7.715362574,81.69658674,0,2240.076491,220003141,1093.038952,179212062,169.5402043,394
7.744517355,81.69471987,0,844.2918424,221307653,13237.40193,1228988154,1436.633795,251
7.708716789,81.67813237,0,1724.688545,1277839778,15112.20789,1228988154,2128.973645,11246
8.325561021,80.41853922,0,1709.193287,551778427,1373.137655,554124692,11533.40574,590
8.323471197,80.39344808,0,1199.855187,553964511,608.3561051,98835613,3229.814256,114
8.354248107,80.43287383,0,935.4704035,551008284,3547.524101,62005148,10187.86935,590
8.351943876,80.3998213,0,710.3084444,543690940,2499.497391,554124690,7965.348031,590
8.340948938,80.41712012,0,383.8044761,544981237,2865.567412,554124690,10049.38165,590
6.859108552,81.06560164,0,3970.930811,7387906,2324.066662,102227193,712.9298812,4390
6.002325805,80.28793071,0,3121.059524,916883817,626.3991338,228885149,1923.645737,85
5.998633023,80.27978388,0,3903.615229,916883817,661.0166566,228885149,1497.200062,85
5.978273108,80.28395055,0,3781.188455,916883817,2098.085337,228885149,3728.453402,85
6.139513595,80.08054435,0,2285.115106,1471771183,3658.600853,98403454,2125.400087,450
6.047670471,80.23305576,0,199.1064374,543192709,1235.1014,108257473,723.16717,1219
5.970681507,80.29407538,0,3380.755114,916883817,3060.28074,197368557,4962.845933,85
7.033572944,79.90976865,0,6483.773892,544326139,2249.769394,228885218,3826.779287,1435
6.81902261,80.95471485,0,437.7963175,898038010,1988.048563,244906318,370.0201273,405
7.269160614,80.59926878,0,2687.481404,9382853,493.9721958,101855244,2370.548203,26
6.933878822,80.76856547,0,3989.649592,7289583,4277.316101,102018657,2192.171485,3095
6.919935302,80.7283768,0,6303.20929,7289583,6694.274932,102018657,944.8928356,4135
6.944350035,80.73241579,0,5972.070055,7285973,281.2744172,278430911,2006.292494,3095
6.921291385,80.73561981,0,5618.237289,7289583,6009.97752,102018657,701.5850957,461
6.922889848,80.73528059,0,5727.034194,7289583,6118.540947,102018657,723.4201321,461
6.92214695,80.72974713,0,6251.254238,7289583,6642.97118,102018657,917.7798167,4135
6.923398442,80.72746785,0,6537.085808,7289583,6928.827435,102018657,630.3926367,4135
6.9353226,80.74670951,0,5486.703068,7289583,5853.732623,102018657,827.2897424,3095
6.929620255,80.75402927,0,4470.012737,7289583,4833.698937,102018657,1409.092814,3095
6.814541647,80.9867926,0,1489.123781,926987980,787.5935624,102116929,1417.997822,408
6.830130231,80.98099395,0,2824.811544,7517389,947.4145161,417950589,2157.50813,408
6.821974011,80.9915299,0,709.1324978,926987980,580.1227302,417950589,2215.050168,408
6.875962002,81.06880983,0,408.4105247,483155734,719.2167768,102227193,957.1044209,16614
6.773266766,80.95222779,0,1575.30513,258952211,2209.861929,102116942,4236.131126,5206
6.808298961,80.99375013,0,1639.656285,1478780561,1522.960502,102116929,2189.659417,408
6.812599281,80.98030143,0,1594.679013,244854151,121.6514887,102116929,673.7068927,408
7.258374067,80.5979543,0,2082.55585,9382853,733.6039344,101855244,1840.494395,26
7.286461091,80.63431701,0,1772.477461,8310187,433.3263547,258496259,4292.014197,26
7.305398803,80.61648499,0,164.0331003,563911850,1920.097955,417957294,5751.98862,26
7.277912663,80.61758451,0,250.6533372,559226610,206.1822631,356425845,2735.897253,26
7.009677065,79.88735499,0,2863.903202,544326139,2833.098738,259451386,339.3592561,15639
7.006800329,79.90366286,0,4105.914261,544326139,1693.176737,259451386,1792.877817,705
6.931209337,79.88453035,0,905.4688087,582020061,554.7195306,50738688,16050.66101,1937
6.948040983,79.88829787,0,2812.71953,582020061,128.3784848,29481994,15587.70327,1937
6.91770503,79.85632374,0,2529.934336,578298184,2066.903752,483500738,395.6174756,13691
6.967897951,79.90652389,0,1485.100364,419454676,2623.884297,259451386,13835.46438,1937
6.939867411,79.87960064,0,1865.987055,582020061,195.9486616,362630496,16544.17463,1937
6.939822753,79.86812143,0,2430.448313,582020061,915.8532514,331333601,339.6650794,34
6.937414985,79.83795623,0,3960.231321,392170146,1137.600605,23570034,1033.222313,16427
6.90597868,79.8778274,0,822.8396877,557338849,896.2135246,349170726,1514.200942,35
6.940684182,79.88169933,0,1929.557781,582020061,62.75065339,259451395,16310.47843,1937
6.923542141,79.8746735,0,873.8098784,582020061,1342.617067,349170726,390.8291096,12639
6.939206389,79.89657176,0,1497.587454,360000337,1164.399735,50738688,14671.34176,1937
6.922713699,79.83888704,0,4512.770517,578298184,1053.383787,98046428,848.3976229,66
6.941105842,79.86546121,0,2521.904723,392170146,1239.928359,331333601,357.4863547,34
6.929155905,79.8878636,0,875.7490815,582020061,744.9237901,50738688,1503.619858,55
6.926308981,79.85206705,0,3207.512351,578298184,455.6932804,483500733,665.2253509,66
6.91837893,79.85805155,0,2347.339804,578298184,2194.161486,483500738,559.1705263,13691
6.915887181,79.86673466,0,1371.143744,578298184,2460.298709,483500738,1137.836237,46
6.939999132,79.85608512,0,2708.706062,392170146,927.2685432,23553596,1091.895261,34
6.940318527,79.85429014,0,2732.261127,392170146,855.4459848,23553596,1293.241602,34
6.950364527,79.86105312,0,1480.237118,392170146,701.6331206,988991384,740.300903,53
6.929867203,79.88137619,0,742.8081852,582020061,919.3048942,331333601,666.9381819,921
6.9144736,79.87425363,0,561.4889146,578298184,782.6450058,349170726,17424.38402,1937
6.937430389,79.87265837,0,1912.449221,582020061,356.913925,331333601,766.5555658,34
6.955043797,79.88066884,0,2243.316252,392170146,376.0380879,929600799,16473.33618,1937
6.952790602,79.87123432,0,1557.819516,392170146,381.8223657,754212239,170.20804,59
6.953120398,79.86709962,0,1283.462628,392170146,525.2477981,754212239,80.54435558,53
6.916998814,79.88291019,0,435.1403095,578298184,445.7220504,349170726,16433.09315,1937
6.951619965,79.87504728,0,1940.291079,392170146,649.8862407,929600799,197.1482062,33
6.926539581,79.83890227,0,4601.139227,578298184,1007.624782,98046428,468.4506788,16427
6.920060804,79.89706269,0,1052.252046,538677395,2086.625625,50738688,14833.94183,1937
6.918388505,79.87646327,0,407.3019909,578298184,769.4070979,349170726,677.5847923,5352
6.911571037,79.88089701,0,512.2988615,578298184,198.1361468,349170726,16767.27991,1937
6.927673597,79.89848716,0,542.1997569,360000339,1589.09067,50738688,14555.3389,1937
6.92936523,79.8793593,0,763.1853792,582020061,806.2033019,331333601,682.7496992,921
6.921081487,79.88781169,0,626.7432915,582020061,1123.422404,349170726,15823.95966,1937
6.925264108,79.86763152,0,1643.144445,578298184,812.5240936,259451372,926.3898249,12639
6.944991879,79.89823902,0,1997.145993,360000337,1272.566713,29481994,14481.46775,1937
6.949700296,79.8907675,0,2749.119449,738477515,395.6326828,29481994,15322.37122,1937
6.934341977,79.89042248,0,1501.492492,582020061,450.0672544,50738688,15375.74083,1937
6.932240239,79.87412424,0,1363.424449,582020061,521.5007573,259516508,680.7067585,921
6.92940179,79.87026424,0,1520.724793,582020061,354.931703,259451372,1063.231253,34
9.476296152,80.40888802,0,8224.894781,659856753,4985.256665,261547917,345.9418713,10484
7.124265591,80.0301674,0,4258.375689,1202791056,6606.668205,400348765,1150.110403,328
7.115571611,79.98710733,0,1493.563983,432317955,2358.537921,318705194,706.6096478,2109
6.799113691,80.8238941,0,2310.09265,6313357,3310.269139,275750347,5079.051066,858
6.831713378,80.82767255,0,5204.747663,6194584,1072.956523,1359043602,5049.70511,858
6.84128863,80.82159819,0,5378.160886,6194584,1617.581575,102116921,2198.077267,16410
5.959715174,80.43065067,0,946.175529,1066641321,1505.709733,276163391,7836.749629,5
5.959706243,80.34633191,0,3599.903048,151199829,2765.388264,278375406,2565.245263,7873
6.915915607,80.73541744,0,5421.916004,7289583,5812.221976,102018657,804.5583877,461
6.96967746,80.72265319,0,2971.610683,7285973,4755.745941,278502488,4345.085838,3095
6.936643001,80.699291,0,6538.274482,7285973,3339.268351,278502488,513.8061144,3097
6.941930268,80.66924419,0,7484.257296,7285973,737.6732902,278502491,563.1534458,463
6.936662462,80.68691009,0,6960.776292,7285973,2714.538051,278502488,1281.312521,3097
6.956972143,80.69504122,0,4543.357844,7285973,1636.759822,278502488,1785.964921,3099
6.876880159,80.81839643,0,8539.071853,6194584,4407.164754,102018657,4449.756044,4667
6.855456697,81.02240751,0,1751.835625,386502841,1852.466779,258445947,553.386131,5525
8.455702874,80.40816586,0,2743.38244,1245306547,3130.152496,279111451,6938.77348,590
8.38603306,80.44129348,0,1383.073609,1251053378,2632.907728,62005148,9255.882489,590
8.296414995,80.34962157,0,919.1400068,535241377,8393.810164,279729361,12986.94582,590
8.242947785,80.34624646,0,37735.90562,8484223,2542.032411,279729361,18908.49177,590
8.06581482,80.29622699,0,74.50170015,1005390734,2459.217781,279771180,11084.72652,281
8.141614447,80.29195448,0,4717.911587,1026771294,685.5183085,279771197,1304.176862,2128
8.141823763,80.31855314,0,4063.227195,1033302649,9061.965205,279729361,1001.743584,13568
8.013626697,80.27868995,0,150.23616,896406328,17169.34601,101262974,14488.51368,281
7.958232497,80.28562052,0,536.0476909,896335362,12951.90249,351922070,1001.939324,11030
7.980582449,80.28171989,0,263.6492445,1018801502,14946.36933,101262974,1103.830533,10997
7.227649208,80.58689252,0,4043.740602,9382853,1142.679711,309821086,4125.834965,26
7.460158469,80.60622073,0,6727.578032,1308552991,2230.212621,417957313,1408.875373,4873
7.332444707,80.30473592,0,2117.0024,635091813,8488.193217,311290960,7841.157565,12611
7.239797959,80.12299079,0,2804.791481,1106114178,570.641436,462445257,15258.86815,804
7.100677911,80.00829498,0,2370.116087,432317954,498.6872035,98568323,500.0289942,1455
7.492017852,80.37637453,0,952.8500618,554299834,1997.725625,964093004,1136.091833,8478
7.475679009,79.86840815,0,2292.248285,596827089,5004.613388,674977485,2747.704137,4132
6.945883243,79.88444347,0,2510.587927,582020061,190.3129954,51193204,16007.31882,1937
6.931818463,79.86317387,0,2343.76356,582020061,511.1390077,99242193,728.2201829,34
6.930187491,79.88819382,0,986.2817384,582020061,642.1558708,50738688,1385.182206,55
6.914112295,79.88798507,0,996.2092217,578298184,750.1843091,349170726,120.9856654,926
6.928883534,79.84745476,0,3786.454184,578298184,368.3781511,483500733,523.6090382,66
6.929476043,79.8513352,0,3422.107027,578298184,565.0833164,483500733,792.9377719,66
6.876750751,81.04039001,0,386.2059113,482969336,599.0823159,581249920,946.6538273,5528
7.256888748,80.51380656,0,7586.355033,11750855,154.1585759,101855293,2968.154578,4236
7.256179919,80.57845384,0,745.7223408,926462276,474.9507403,356425847,550.0319261,8945
7.273674325,80.53789983,0,2599.160519,10909134,2319.369782,356425852,1604.595192,1690
7.263138163,80.54930942,0,1523.989845,10909134,981.5782073,356425852,276.6847061,1690
6.841771383,80.02159999,0,1362.702845,662833617,2296.933548,537840423,1868.121858,1705
6.922350928,80.13849207,0,4536.644766,875546525,1754.455744,369443277,12288.97403,1937
6.97515045,80.53497184,0,3487.69909,11800358,698.0551095,373187956,2551.443259,1147
7.007048703,80.52641902,0,2923.859702,11800358,4295.042244,373187956,2606.167562,14
7.020905346,80.53364909,0,4583.426231,11800358,1028.727459,373192834,926.6783034,14
6.983979222,80.52588985,0,2193.072921,11800358,1883.702128,373187956,5093.047233,14
7.158992203,80.55896106,0,1647.858956,7832571,417.0929159,101974188,3384.420633,25
7.130916789,80.56317322,0,3709.601002,7832571,583.382462,374523645,593.3653849,25
7.099997362,80.01113549,0,2688.156,432317954,814.9619521,98568323,293.5044428,1455
7.108074576,79.98435368,0,691.8539294,432317955,2187.209061,385221449,473.0294262,1987
7.062469649,79.96039238,0,3535.309787,385081784,2193.230195,50127293,702.8155667,1557
7.048008588,79.96744638,0,3450.149214,385081784,2553.520714,50127293,267.8504621,1606
7.068546577,79.97664029,0,1706.723007,385081784,676.2771111,385215399,677.2760164,731
7.822588027,80.2625875,0,1229.171294,1200633677,3633.187377,351922070,4296.78865,14469
7.172281097,80.03905434,0,4864.763458,929107579,2850.05738,48670711,2552.014902,2160
7.117226104,79.87853964,0,3682.26634,1341796702,1389.502449,27713217,1900.785281,1287
7.171957682,79.88387648,0,970.6390832,1222953305,3611.712997,198188369,399.3218393,13299
7.133172911,79.90668356,0,2545.590787,421140875,3430.781765,400558143,2298.714374,1287
7.064733182,79.87024041,0,4974.345965,1341796702,4214.821384,228885218,2386.274422,38
7.07449034,79.87076993,0,4106.466087,1341796702,4592.944565,228885218,3413.881647,38
7.051241511,79.90742063,0,5101.591614,315357303,280.8432997,228885218,1912.168995,1435
7.038107599,79.90740349,0,6504.196851,315357303,1724.996687,228885218,3346.750718,1435
7.953670329,79.82713578,0,4199.352313,1223256147,286.8272088,529041701,6252.794247,15853
7.980762544,79.88460422,0,1024.15697,1458235596,3967.104105,401412653,5783.363174,5280
8.580533289,80.45356755,0,3204.4612,9267851,10518.64938,101135932,2210.665975,10863
7.270719733,80.56112251,0,4024.138612,8340243,619.4913559,356425852,171.3570485,16501
7.254650042,80.58184939,0,443.0456457,926462276,150.4430554,356425847,748.002748,8945
6.975620418,80.22414546,0,2090.563028,11940653,3009.137443,404694650,1918.004724,2601
8.071424966,80.87843485,0,32058.38942,9449594,3326.554444,404995545,418.8436315,14311
8.100663197,80.86175129,0,29617.48895,9449594,5915.036817,765604001,2802.086593,606
6.923824022,79.87266546,0,1096.943066,582020061,660.7435016,259451372,487.9799395,12639
6.936185443,79.8654613,0,2370.806678,582020061,1060.6111,331333601,190.4002812,34
7.919165762,81.11573209,0,7829.47919,8104390,5463.431468,131344778,6111.961501,8433
7.903756453,81.10478762,0,6948.381571,12655549,6959.189832,131344778,4287.484155,8433
7.915513604,81.02131598,0,6711.018784,12655549,2210.367394,991332137,1330.896357,475
7.934819655,81.00620801,0,1668.986668,321309751,2829.570535,131344747,2366.636399,88
7.908452396,81.04613887,0,4899.721327,12655549,1310.688286,131344770,707.8083497,12800
7.27721441,80.64804309,0,689.4561143,8310187,3786.253428,417957294,4471.507855,12615
7.276164326,80.63791382,0,679.6850611,8310187,2200.46431,356425845,3654.523831,26
7.299994486,80.6221267,0,180.8216558,563911830,1566.515919,417957294,5227.130646,26
7.293108923,80.63744141,0,995.849335,8016686,1729.77178,417957294,5099.609721,26
7.074975299,80.51885272,0,10435.21237,7661401,2636.140876,102001818,5336.127173,14
7.052013383,80.52438477,0,915.9795006,1171058069,3107.813871,102001818,2744.647543,14
7.005690276,80.5390376,0,3997.29792,11800358,309.668707,373205287,2658.430456,14
6.945453051,80.5968547,0,3212.738828,9387505,3088.684035,30617333,2383.776655,5053
6.911310291,80.62170954,0,14539.05809,8066832,2095.097004,30617333,536.6694435,15669
6.878970823,80.6089725,0,10886.09731,8066832,3453.926971,396458273,805.8705173,1617
6.914638906,80.58641055,0,12918.90795,8066832,1266.855396,396458273,4851.122766,1191
6.908128141,80.5831954,0,12118.23939,8066832,888.8867532,396458273,4975.543571,1191
6.918637968,80.63122651,0,15823.5411,8066832,1761.09886,30617333,2440.402694,5053
6.893695803,80.60407081,0,11815.84755,8066832,1916.951609,396458273,2213.861078,713
7.060989049,80.54816658,0,2195.627114,1171058069,1498.931485,102001818,1823.84597,790
6.982651462,80.53909845,0,3646.81393,11800358,1622.955196,373187956,1329.429914,1136
6.913372422,80.56829466,0,12169.74752,8066832,875.0001291,409055626,3393.828466,1191
6.912474503,80.56833753,0,12074.37529,8066832,961.690948,409055626,3473.56457,1191
6.924785195,80.67137624,0,19352.66571,8066832,1863.014384,278502492,984.6116843,1311
6.981803651,81.05118313,0,1126.419698,540488995,2099.978947,102227187,6402.385861,265
6.82505586,80.97259353,0,2364.292643,7517389,1726.933659,102116929,1587.06949,409
6.79646716,80.97078117,0,831.9444656,244942525,1092.778595,244906318,1318.43998,412
6.883648506,81.04567638,0,1085.103072,386502845,423.6805513,1363861081,447.5932524,4129
6.797034498,80.97918756,0,381.0288983,244854151,972.9801296,417950615,1413.152541,412
6.887790072,81.02470171,0,2671.491126,386502841,2719.578643,581249920,306.7429938,5529
6.843681021,81.0140487,0,2623.577016,386502841,1229.031581,258445947,1803.91444,7770
6.841031492,80.98297141,0,2815.04298,7517389,1397.874749,258445962,3084.756133,4474
6.816584594,81.00672975,0,1146.583803,926987980,1797.797598,102227190,2773.735247,4472
6.884959297,81.08764329,0,1350.014074,1224666869,2450.634453,417950603,637.3914943,5226
6.815792818,80.94912403,0,1111.857702,898038010,2120.878804,244906318,808.9664437,875
7.456494676,80.63389682,0,9066.834798,7997421,4336.3575,417957263,1757.693612,4873
7.341173625,80.66506533,0,1946.066221,567942581,1898.79192,101855249,1811.153129,1452
7.346272945,80.65038551,0,1376.540047,591026547,1210.525306,417957308,1689.143478,1452
7.392677431,80.67756778,0,3187.174143,7997421,4579.112951,417957263,2222.180247,4136
7.319782377,80.6592245,0,212.3478307,1385496019,2198.015085,417957308,4295.174278,12615
7.343684906,80.62016193,0,1167.611348,563927619,3129.641706,417957308,726.9630124,426
7.337786641,80.69545149,0,7940.567585,7997421,3447.016008,101855249,1866.727879,742
5.932956496,80.55924358,0,3752.394409,1332445804,2337.412945,496943028,16908.52599,610
6.03189335,80.19480404,0,1798.438568,536835790,1996.981015,19314715,1941.071454,1380
6.027449647,80.20528802,0,1290.210857,449512669,1399.757789,6504056,983.4430111,15815
6.035195383,80.21837032,0,171.9050905,616650233,442.600228,418264140,449.6963111,5819
6.016412825,80.28074635,0,2833.178678,633233495,2423.277971,228885147,1180.885399,85
5.974890233,80.53709607,0,4441.743959,1332445804,2972.907305,496943028,973.5159631,888
5.948188894,80.56215543,0,5459.796357,8376980,1168.664368,496943028,573.3993166,14446
6.02089231,80.22692039,0,1313.481736,13650539,1992.655776,8072149,1312.904629,17024
5.950238825,80.55901669,0,5563.852551,8376980,756.7083621,496943028,15068.12945,610
5.936390464,80.53174721,0,688.1645853,1332445804,2241.385576,102339499,524.382244,106
5.931797326,80.53105183,0,797.4107228,1332445804,2487.16147,102339499,659.4003887,16441
6.011693088,80.20350035,0,2097.061748,449512669,2979.638499,6504056,2102.002746,16487
5.973699416,80.53889415,0,4379.005906,1332445804,2750.948457,496943028,1088.413452,888
6.058729901,80.21756475,0,132.9390751,533297441,1929.237235,19314715,423.718353,96
6.010247204,80.21351682,0,1697.97291,449512669,2894.005085,6504056,1835.478767,15816
6.002233876,80.31253789,0,1027.25498,28335369,1214.204372,197368557,1919.358815,11591
6.423945232,80.01609954,0,1433.517526,652120128,2124.016855,98399597,3471.292649,900
6.044629251,80.17193991,0,1884.724122,533970654,2178.595085,8873168,1450.451844,5160
6.184381979,80.07596995,0,3774.389344,1471771183,1477.157514,98403454,556.3758469,201
6.072457346,80.15597424,0,2467.512314,533970657,1415.474265,98401616,1793.994604,5167
6.0896023,80.15166281,0,2879.622172,1158625633,588.0510327,98401616,58.39140612,10785
6.24577488,80.05849057,0,1563.240996,1443796014,973.4761381,98401993,724.7570198,10068
6.265106387,80.02960866,0,4331.199947,1443796014,4944.758685,98399562,4381.341668,12658
6.316941382,80.03700596,0,7508.290049,1443796014,846.7857484,98399562,5421.45619,9726
6.11762699,80.11344493,0,1529.23268,1152410363,155.5974441,98401990,1863.84814,451
6.556390876,79.9757399,0,1720.380754,1216904165,1471.409696,98399596,395.2671203,14963
6.700717288,79.88943054,0,3243.62055,1185457550,2344.559591,98391479,4633.660513,70
6.651814414,79.91572708,0,2761.341069,1201646857,2985.775142,29476220,3416.309883,14737
6.540469705,79.98473177,0,751.3138266,1216904165,1423.203264,419771043,470.3230101,14768
6.594632466,79.96822766,0,275.4809323,1216697952,3392.180465,98399596,6899.749791,4464
6.724543675,79.90269558,0,941.7088034,1185457559,863.65343,482545364,1637.287836,14726
6.682672922,79.93683247,0,646.272833,1201646860,5036.214475,29476220,979.1778585,70
7.102395213,79.99916202,0,1359.099219,432317954,565.0328389,318705194,605.681538,12605
8.356464705,81.0140485,0,5728.614463,9449594,7900.784307,1333526685,3432.007911,647
8.559156429,81.23087918,0,1302.245418,7730460,8217.592441,439342829,754.3382061,702
8.585406454,81.22551734,0,2030.331769,547679524,118.635327,439342826,496.9702585,12186
8.560639764,81.22583757,0,1694.687248,7730460,7736.79047,439342829,1259.216647,702
8.573895536,81.20272085,0,3888.883261,834530984,6193.463886,439342829,1025.969087,13551
8.59414432,81.24046427,0,2412.050281,547679525,10863.99207,439342829,2620.753173,2132
8.572479084,81.25243574,0,1528.829313,540481977,10933.57932,439342829,2053.440073,702
8.5473445,81.20236888,0,999.5183183,17632326,4853.718004,439342829,1254.707934,15677
8.562304878,81.21477229,0,2685.421904,7730460,6664.083928,439342829,1820.473701,12175
8.270121185,80.96119589,0,12133.24817,9134251,2387.615727,452891295,6386.505124,607
7.944663415,81.42047549,0,934.846972,454163237,2985.234474,456304824,7664.974025,2764
7.95065231,81.31367411,0,8824.397266,9096330,2100.599071,475933568,8394.861209,2764
7.252380195,80.12546193,0,4178.803678,1106114178,1784.940436,462445257,14985.87886,804
7.237249942,80.13193147,0,2594.186273,1106114178,578.2126008,462445257,16274.09693,804
7.43840279,79.81908843,0,1973.497612,594605638,499.12164,465106070,762.7590141,17159
7.915998732,81.23272181,0,9182.552359,9096330,7474.13387,131344778,15132.46191,2764
7.984757052,81.28568597,0,12645.41996,6779301,3293.938478,475933568,1159.628022,4354
7.942201648,81.24204798,0,10310.09055,9096330,1016.550877,475959273,14795.84145,2764
7.961885486,81.229189,0,8529.637468,8104389,2798.730533,475935731,1430.965347,3249
6.807395603,79.85334919,0,1954.139219,1239335900,2780.715807,98371190,1985.373704,50
6.830410992,79.88731393,0,1472.708272,587518253,2280.943736,482545337,781.6611157,39
6.814396744,79.85493667,0,2113.254587,1239335900,2048.341921,98371190,1855.134507,50
6.826035704,79.86349503,0,2238.446488,587518253,461.5831211,98371190,1966.700012,50
6.829444297,79.88745455,0,1485.341829,614401824,2290.133716,482545337,768.1385432,39
6.832632064,79.8866414,0,1249.093167,587518253,2241.261981,482545337,901.1798463,39
6.815718842,79.89415569,0,607.3893086,1239334530,2127.632805,482545316,1585.864669,39
6.818981762,79.87297074,0,1743.989459,1239335900,1278.648767,98371190,1017.299016,50
6.82032903,79.89049816,0,906.1664136,1233274650,1931.767343,482545316,1158.121193,39
6.800066912,79.85324417,0,1950.091155,1239335900,3499.012949,98371190,2259.603942,50
6.776411027,79.89478462,0,372.6305948,1185781393,2151.126537,482545363,1072.032133,5247
6.778987707,79.89208957,0,564.1147945,1239334317,2320.51604,482545363,1231.616311,5247
6.928898967,79.87576572,0,977.4761948,582020061,271.7472883,259451372,224.4007497,12639
6.944625246,79.85151544,0,2422.213176,392170146,1253.963402,23553596,1739.361433,34
6.951613589,79.83876888,0,2923.708217,392170146,2320.955492,23570034,2072.648415,68
6.913492477,79.83621083,0,4751.648663,578298184,2276.27768,98046418,1639.770662,66
6.909587491,79.85663046,0,2582.6587,578298184,1236.233887,483500738,3170.631134,35
6.94502472,79.84167676,0,3075.2759,392170146,1524.83609,23570034,1284.821758,68
6.819606314,80.09448121,0,1229.964938,1182479303,2320.679674,972114025,1252.366235,14520
6.043391751,80.22474251,0,899.0008682,543186833,276.2332904,108257473,624.8673849,1219
6.043016152,80.26144157,0,1688.537917,633233495,3312.101168,228885147,1036.442028,4834
8.15836605,80.88683669,0,16345.40226,9134251,4354.660772,432255108,8645.08456,607
8.135405508,80.84737675,0,26808.0626,9449594,5816.01107,765604001,3610.815906,5243
9.684898214,80.01564408,0,1413.577584,597485204,7109.598115,311503946,1225.508675,5599
6.963971779,80.20615893,0,391.0659993,11940653,2659.903883,544518584,1801.387599,2602
8.105755842,79.84626982,0,1748.401183,1455385829,7364.868603,98307698,1747.29915,5276
7.468500254,80.35330757,0,1134.844268,1203511194,7505.253451,311290960,1450.220617,1768
7.463523752,80.39528865,0,2994.911685,541289261,5603.44394,964093004,2425.257499,6348
5.948334865,80.53667459,0,1804.296836,1332445804,2459.502375,102339499,14731.56375,610
5.966804879,80.65436698,0,4404.238773,1228965994,1930.344146,553868334,1667.970803,12850
5.968326334,80.67151215,0,6219.678872,4472689,865.6776992,553868337,1463.39673,689
5.9925481,80.69961824,0,2540.946366,4472689,1386.253151,553868341,2408.2207,688
6.015766716,80.7157848,0,2753.117993,4472689,1564.532509,553868345,1806.94895,1566
6.022167211,80.73418644,0,3595.291417,4472689,1041.356286,496871785,2072.002676,1566
8.321225713,80.42582633,0,1456.4912,551778427,2307.392864,554124692,12378.22181,590
8.342403762,80.41936101,0,657.9947054,544981237,2718.401162,554124690,10075.32165,590
7.659391706,79.8248402,0,2044.733641,1465801481,1722.514744,592428961,23044.59926,6019
7.704206063,79.80245835,0,2732.971032,1465617250,3174.356264,1461288867,2718.17859,1506
7.741200712,79.82328312,0,3457.008902,1465616206,7338.983988,754483131,70.56402189,5106
7.611309073,79.81642048,0,3611.138507,1465802798,7834.667717,320333328,24752.44532,6019
9.451538719,80.38922796,0,5554.642397,938375490,5522.388488,261547917,2300.65617,5936
9.002398534,80.51123745,0,1009.516421,479903047,21282.64153,628793905,12467.36408,641
9.170066883,80.40478938,0,5733.836208,11178345,6016.049291,628793905,1960.840727,5220
7.348547964,80.33448122,0,4172.850661,548561582,6072.291429,311290960,11567.41931,12611
7.297939101,80.26132256,0,3487.904642,649927615,1921.334743,311290959,1818.612155,12611
7.284260215,80.25568367,0,2060.196022,8788147,1921.248268,311290959,831.7292364,589
5.962322062,80.71867004,0,3289.375835,4472689,2607.076414,553868341,1659.480673,14468
5.980184508,80.57635445,0,2342.436315,8376980,2685.391954,683561364,2568.978328,283
7.2641594,80.60877185,0,1639.137969,9382853,987.2801536,101855244,1311.354723,26
7.248420349,80.58335422,0,671.6794983,588762099,807.0203621,356425847,3416.166032,26
7.120978169,80.03173669,0,4196.334475,1202791056,6803.396234,400348765,1375.791579,328
7.109829608,80.00862926,0,2560.786765,432317954,322.249034,318705195,530.5757084,1480
7.12260771,80.04384753,0,2887.25502,1202791056,5995.775663,400348765,1346.043278,328
7.946336474,81.51010621,0,1540.288945,472856568,6899.351787,456304824,16461.12442,2764
7.941957903,81.36311971,0,10220.27523,9096330,9314.231857,456304824,607.7992615,2931
7.721829962,80.33891665,0,7025.012337,477106602,14271.57477,351922070,3213.356267,6440
7.651594896,80.35017283,0,9227.551194,317526609,1187.612188,747187971,4555.281312,87
7.858431686,79.82652933,0,1575.623242,591845133,5644.968994,754483131,923.9637971,5764
9.428148472,80.38945287,0,4092.952845,564561283,7959.957541,261547917,1616.547804,1152
9.693326908,80.01897611,0,1661.369306,597485204,6111.189973,311503946,2206.087345,5599
9.737906664,80.05931423,0,3420.272448,407328148,2830.979661,311503946,4877.336682,9576
9.819323101,80.03563701,0,1523.344701,1284177857,8080.958766,311503946,8629.957763,1543
9.830417437,80.05316118,0,2793.432633,895777999,9520.203625,311503946,10672.01693,1543
9.126091588,79.73708882,0,3440.727233,17769531,13024.5626,589069455,4136.818097,13174
9.105331167,79.71556609,0,546.8784022,17769531,13149.90819,589069455,2422.084733,13176
7.983539083,80.26112973,0,2848.222114,895271752,749.5537453,891590436,890.7144499,10985
7.997466367,80.52444507,0,4624.828453,6182307,15911.38512,101262974,1314.136069,9030
6.950122779,79.86234681,0,1500.502487,392170146,703.2249331,988991384,638.4076757,53
6.934379979,79.89561288,0,1144.695649,360000339,1006.73174,50738688,14803.10554,1937
6.925133844,79.85966739,0,2384.088977,578298184,574.6710836,99242193,1561.517528,34
7.01234762,79.94294546,0,5672.682891,313962320,4234.840952,50127293,2106.774751,874
7.003396177,79.88409403,0,2108.941109,544326139,2703.532782,259451386,1362.338391,705
6.911598837,79.85564043,0,2639.586565,578298184,1398.447688,483500738,3393.405063,35
6.94057976,79.85810884,0,2597.565039,392170146,1134.171862,259451400,894.0618414,34
6.942899377,79.85699765,0,2372.93607,392170146,1249.290622,23553596,1113.613218,34
6.932979612,79.87694967,0,1241.902499,582020061,458.5062353,331333607,385.99937,921
7.268734709,80.62990308,0,133.3264617,580264462,1760.003281,356425845,2447.274395,26
7.272570578,80.57265167,0,2864.396237,8340243,1799.268659,356425852,926.7101597,1689
7.349194664,80.32692426,0,3870.770422,635091813,6049.970254,311290960,2561.710974,1438
7.314426543,80.30862125,0,4016.969629,635091813,4198.051521,929719412,7348.707274,12611
7.309370886,80.31145465,0,4657.334168,635091813,4113.038468,929719412,7494.227355,12611
7.322353163,80.31712432,0,3870.557037,635091813,3092.418028,929719412,8534.092317,12611
7.352557052,80.31615378,0,2748.899854,635091813,5960.601757,311290960,2411.081706,1438
7.341200254,80.27407556,0,1567.225997,635144214,5905.460001,311290959,6163.634034,12611
7.322991401,80.31479086,0,3638.711251,635091813,3341.360455,929719412,8323.517383,12611
7.329486003,80.28602148,0,1907.956443,635144214,5867.588045,311290959,6000.465014,12611
7.332034755,80.3850763,0,3342.174331,548561582,1206.166524,929723555,2182.056694,592
7.312703567,80.36470156,0,5134.873687,548561582,2612.241781,929719412,3227.161284,6301
7.332189481,80.41180764,0,6457.015635,11750855,2988.666102,313041104,1139.622896,592
7.34366979,80.39408548,0,3055.90248,548561582,5261.878547,313041104,1202.795715,592
7.296206262,80.39153814,0,7733.0988,11750855,4477.601162,313041104,272.0760929,6301
7.333809345,80.38887536,0,3397.262647,548561582,5087.120235,313041104,1721.827406,592
7.315067806,80.40304755,0,6621.287584,11750855,2906.978985,313041104,2358.087513,6301
7.342615483,80.37782772,0,1939.774925,548561582,8292.452679,311290960,2892.971558,592
6.931280169,79.89084672,0,1273.79875,582020061,682.7813258,50738688,15354.48762,1937
6.916718039,79.87926869,0,96.07987021,578298184,433.6207443,349170726,16834.7236,1937
6.926430044,79.8612074,0,2301.066414,578298184,499.1163128,99242193,1362.088128,34
6.921288675,79.89690432,0,996.3436549,360000339,1964.785344,50738688,14828.31589,1937
6.952177194,79.90064205,0,1630.432008,738477515,4441.464761,259451384,14248.762,1937
9.097481883,79.83554949,0,9538.534896,17769536,7424.2229,589069455,1586.011286,13197
6.789292731,80.96796125,0,908.0836625,244942525,3875.138601,102116942,2161.419001,412
6.783716454,80.94777326,0,927.5808966,245139774,1563.462402,102116942,2576.676129,863
8.80100354,80.51068376,0,487.1542079,524842045,3116.981346,936954804,1442.840745,13509
7.794099345,80.28303422,0,2820.062582,1200607203,5260.354445,351922070,6125.685856,5021
7.822737612,80.27200481,0,366.3408894,1200633677,2826.802041,351922070,3259.550833,14469
7.808404035,80.27104441,0,1276.00063,1200633677,4171.313728,351922070,3655.38234,14469
7.829594351,80.25491813,0,2308.326472,1200633677,4048.800042,351922070,5220.218237,14469
7.809048277,80.27255351,0,1182.392266,1200633677,4028.596651,351922070,3474.33129,14469
7.811460222,80.29497314,0,2553.151509,1200633677,3338.402251,351922070,1313.557907,14469
8.14240667,80.85095986,0,25939.10284,9449594,6634.265256,765604001,2905.143921,5243
8.119350417,80.85031863,0,28241.07962,9449594,5109.346591,765604001,5409.40787,5243
8.152297911,80.84798133,0,25144.47187,9449594,7239.017161,765604001,1766.095261,5243
8.157427927,80.86594407,0,23702.92891,9449594,5721.083099,432255108,2601.34457,5243
8.140498518,80.87924419,0,17633.20896,9134251,6500.476478,432255108,10789.3519,607
8.130404018,80.87037762,0,26214.2063,9449594,3401.390437,404995545,1923.652322,606
8.113531572,80.86413886,0,28200.99457,9449594,6348.880078,765604001,1927.970346,606
8.153276671,80.86250915,0,24283.49321,9449594,8384.697856,765604001,2535.585523,5243
8.154832992,80.86131349,0,24190.7374,9449594,8413.451805,765604001,2324.660159,5243
7.727918906,81.70821577,0,510.6473507,221307654,1121.489828,179212062,949.5494806,11238
7.714130634,81.6844149,0,1554.216625,1277839778,14999.08309,1228988154,1384.738422,394
8.529585262,80.46529055,0,2760.760515,9267851,1672.166359,1365036069,7108.942355,2242
8.545112222,80.43248389,0,3329.727245,1232326133,2855.747645,1365036069,16533.6892,590
7.528538652,80.3811273,0,6278.90572,317526609,2148.825764,964093004,9476.782729,87
7.070527658,79.97873499,0,1513.440364,385081784,737.0550058,385215399,3000.132851,479
7.11307538,79.99432114,0,1490.310429,432317954,1574.511276,318705194,981.2449909,12605
7.091008788,79.99045613,0,1261.590337,432317954,192.8895133,385221449,417.7602625,488
7.099377199,80.00174002,0,1664.937914,432317954,474.0377024,98568323,897.4616914,12605
6.820583348,80.1094347,0,2680.806899,1185227348,2829.804012,972114025,6877.57564,1144
6.854458057,80.11127582,0,5256.728125,835667177,451.7740978,972114820,4321.551919,298
6.833541201,80.10676402,0,3102.291608,1182479303,1664.785022,972114025,1744.236359,14520
7.891983177,81.06583979,0,3202.009456,12655549,2290.810551,131344770,14942.17517,593
7.92242378,81.09180988,0,7749.353621,8104390,979.5203316,101623219,6511.21329,8433
7.900873347,81.08314812,0,5021.900153,12655549,1125.226414,988828703,13257.55404,593
6.971140098,79.8745424,0,605.7003633,392170211,1705.05934,754212239,343.0756966,934
6.951173805,79.85797564,0,1464.59588,392170146,791.1982647,988991384,1018.130555,53
7.931765837,81.01918616,0,8374.389196,12655549,2471.24154,131344747,1232.420792,475
6.873151924,81.05052428,0,677.3607829,386502845,637.5480243,581249920,250.2011884,16909
6.875109931,81.05648847,0,452.5297491,386502845,659.6401372,417950607,436.8156497,16614
6.927210608,79.85844163,0,2609.440162,578298184,339.8789184,99242193,1429.480765,34
7.024180924,79.91096803,0,5853.857953,544326139,3652.531806,259451386,2485.709236,15640
6.593613947,79.95556413,0,406.4186915,1209654437,5175.921638,29476220,8237.729513,4464
6.565906194,79.96322584,0,1019.318007,1188615935,271.0825358,98399596,962.3095522,1510
6.557890209,79.95727904,0,2117.343682,1188615935,1091.656532,98399596,2066.069441,1510
5.978686255,80.61845716,0,2379.667303,8376980,2436.289144,553868334,4887.654439,283
5.949666839,80.61153213,0,705.6116541,1228965994,1402.511357,683561340,786.3888781,15375
5.979844945,80.5948626,0,424.8699988,8376980,2490.537711,683561340,2942.75458,283
9.732743954,79.93880329,0,6657.245582,398575778,1752.538682,1185945510,4231.412469,15575
8.851346422,79.99651837,0,16838.0354,12659132,4165.622882,1195188106,420.7046289,4379
6.964375174,80.76628752,0,6849.648521,7285973,498.6800714,1196870210,562.9259145,4925
6.975312389,80.77387309,0,9361.028064,7253821,1003.288337,1196870210,973.6895608,4925
6.552777332,79.96300385,0,2105.675938,1216904165,1274.001801,98399596,2307.604141,1510
6.539238545,79.94826134,0,3244.880349,1217656666,3313.097709,98399596,2517.956517,14921
6.676082778,79.93606589,0,727.212056,1201646860,4312.188573,29476220,1312.555128,70
7.776060104,81.65220181,0,512.0395979,6987534,7437.802952,1228988154,744.832315,2478
6.915990356,80.5727774,0,12574.39218,8066832,489.2062893,409055626,3535.074018,1191
6.05535751,80.74317748,0,6902.964684,1480163892,1254.607792,1351581961,1631.255091,7967
6.060780831,80.75590785,0,5841.184893,1480163892,2571.245867,1351581961,1447.222259,7361
6.031880513,80.75566635,0,4863.061995,1481743883,2194.808044,496871785,3525.503296,7361
6.050579223,80.71793387,0,6518.917642,4472689,2900.557293,496871785,2063.051728,1566
9.653487427,79.99524959,0,2716.220228,542246607,2993.950542,541154044,545.4570226,16710
6.838903936,80.82068926,0,5117.855003,6194584,1853.69349,102116921,1930.8675,16410
6.838651398,80.81769359,0,4871.952399,6194584,2138.429143,102116921,1708.688577,16410
7.713851216,80.35722361,0,4163.22544,1455273548,3604.569927,747187967,11323.82394,87
8.085364249,79.87868284,0,4840.386383,1455424100,10367.81413,98307698,1119.04676,5275
8.086514543,79.86517443,0,3474.224094,1455385829,9783.610676,98307698,725.9427341,5275
7.110635432,79.88725439,0,4095.908144,315357303,231.3920512,27713217,389.3874531,1761
7.08897938,79.9149249,0,972.5058682,315357303,4005.396217,228885218,2343.104422,1435
7.073661741,79.89444307,0,3789.347212,315357303,2593.669585,228885218,2888.161287,1123
7.094255681,79.89213864,0,3192.393577,315357303,432.5489625,1469682378,434.363083,103
7.079549108,79.89198551,0,3651.120978,315357303,3292.264229,228885218,3397.37111,1123
8.350719654,80.41291972,0,698.0519805,632744867,1837.147516,554124690,8914.117515,590
6.055415246,80.19384062,0,174.8580118,567727863,827.7422976,8873168,699.9497014,1380
8.059542717,80.59500528,1,6795.081554,6182307,4780.300522,158821460,1019.420333,10556
8.63106399,80.56755341,1,4444.91916,9216152,11595.38782,402098859,7018.849724,5062
8.091609418,80.79551087,1,33891.56415,9449594,1686.478512,765604001,3567.660765,5244
8.248115895,80.93200533,1,12998.90058,9134251,6769.149677,432255108,2466.980462,607
8.057048825,80.77030424,1,38610.68283,9449594,6341.97359,765604001,64.36705057,12586
8.092631195,80.79635479,1,33746.1689,9449594,1546.15832,765604001,3484.244292,5244
8.091772174,80.79573773,1,33862.87356,9449594,1655.674434,765604001,3556.773783,5244
8.311203285,80.95912153,1,15985.91847,9134251,2163.522483,452891295,10040.39571,607
8.064242088,80.9085236,1,32041.10502,9449594,900.7195955,101621904,2509.959608,612
7.936297269,81.24217103,1,9815.311961,9096330,1152.759518,475959273,14581.70501,2764
8.250874033,79.82934592,1,34404.5887,8484223,8828.983572,98307698,9909.542396,5230
8.719429804,80.23665274,1,2292.088186,483250739,3134.397311,747171850,3821.007945,14279
9.16112755,80.42992577,1,5009.768933,11178345,4116.234427,628793905,83.62754786,11681
9.16112755,80.42992577,1,5009.768933,11178345,4116.234427,628793905,83.62754786,11681
8.058047044,80.70438015,1,8640.334571,7623803,7282.521895,158821460,6879.64322,2239
8.058047044,80.70438015,1,8640.334571,7623803,7282.521895,158821460,6879.64322,2239
8.143446764,80.83645972,1,26635.42224,9449594,5705.202477,765604001,2863.419087,5243
8.078534045,80.78731682,1,35596.28586,9449594,3321.739751,765604001,3006.128809,12586
8.08368,80.790074,1,34953.36697,9449594,2705.364312,765604001,4337.20591,5244
8.27992232,80.94506316,1,14124.96154,9134251,2053.037338,452891295,6250.828847,607
8.281405079,80.94558125,1,14206.84135,9134251,1907.402976,452891295,6423.407448,607
7.913521032,81.08642993,1,8863.949151,8104390,82.66576649,131344776,5736.488256,8433
8.15412239,80.89250923,1,15831.70902,9134251,4613.645534,432255108,8833.594565,607
8.061622263,80.9006292,1,32497.40822,9449594,1681.468303,101621904,3330.14254,612
8.310245433,80.95771389,1,15974.00213,9134251,2066.688007,452891295,9879.246946,607
7.942549717,81.23854103,1,10595.00238,9096330,642.8093699,475959273,1280.339482,3173
8.106526133,80.87661545,1,28430.61092,9449594,722.12872,404995545,1253.370111,606
7.833539507,80.26343591,1,1880.245841,1200633677,3021.800528,351922070,4411.156399,14469
7.989295146,80.27040222,1,136.9970322,898514495,527.8598704,891590436,145.914018,10987
7.989476038,80.27043828,1,156.5103584,898514495,546.6284633,891590436,125.6589615,10987
7.989711228,80.27051056,1,183.3611986,898514495,572.7209392,891590436,99.35152996,10987
7.990290064,80.27060964,1,463.6295334,898514496,632.8490981,891590436,36.78274051,10987
8.062402775,80.62438247,1,3267.437374,1217679447,1635.948484,158821460,3807.375188,10563
8.091681756,80.79558347,1,33880.50121,9449594,1675.345156,765604001,3561.987601,5244
9.055996036,80.48339468,1,10378.74387,11178345,14787.84835,628793905,7346.024345,641
9.055996036,80.48339468,1,10378.74387,11178345,14787.84835,628793905,7346.024345,641
7.94255,81.238967,1,10563.54006,9096330,688.4064568,475959273,1316.966261,3173
7.951562786,80.45609147,1,3697.3225,519016206,6831.046996,101262974,8000.53394,9030
8.065476958,80.68710372,1,8087.085706,7623803,5453.099486,158821460,7611.583319,2239
7.942549717,81.23854103,1,10595.00238,9096330,642.8093699,475959273,1280.339482,3173
8.064226778,80.89994047,1,32232.01375,9449594,1798.18056,101621904,3208.557852,612
8.064226778,80.89994047,1,32232.01375,9449594,1798.18056,101621904,3208.557852,612
8.739081108,80.21361294,1,8212.306853,9425152,729.6380459,747171850,2897.339432,14279
8.05554769,80.77773495,1,38308.04075,9449594,5973.803253,765604001,881.4427934,12586
8.085288795,80.79107353,1,34744.14122,9449594,2504.260974,765604001,4169.520815,5244
8.120092116,79.8625799,1,4144.546227,1455385829,6145.474468,98307698,4143.468513,5276
8.13218042,80.87590522,1,18267.43918,9134251,3442.802445,404995545,1797.470411,606
8.13218042,80.87590522,1,18267.43918,9134251,3442.802445,404995545,1797.470411,606
8.13218042,80.87590522,1,18267.43918,9134251,3442.802445,404995545,1797.470411,606
8.13218042,80.87590522,1,18267.43918,9134251,3442.802445,404995545,1797.470411,606
8.13218042,80.87590522,1,18267.43918,9134251,3442.802445,404995545,1797.470411,606
8.13218042,80.87590522,1,18267.43918,9134251,3442.802445,404995545,1797.470411,606
8.13218042,80.87590522,1,18267.43918,9134251,3442.802445,404995545,1797.470411,606
7.911509,81.081745,1,5914.947391,12655549,21.38744153,988828707,12234.96477,593
7.952078746,80.4567895,1,3667.709302,519016206,6926.376133,101262974,7905.569166,9030
8.057980141,80.78022098,1,37934.62577,9449594,5597.998992,765604001,1128.502156,12586
7.905529612,81.05809991,1,4486.753834,12655549,612.4746005,131344770,288.3165424,12799
8.055547195,80.75067049,1,39973.61546,9449594,8033.85308,765604001,5927.86301,2239
8.138672789,80.83281997,1,27295.1902,9449594,5043.952393,765604001,3498.780346,5243
9.156599698,80.43228674,1,4656.86532,11178345,4313.017504,628793905,389.0269836,11682
8.138042,80.832443,1,27376.37711,9449594,4962.804941,765604001,3579.095541,5243
7.96900319,80.26237221,1,361.2425911,1013382079,103.0420737,279771192,528.0615563,11020
7.911182997,81.08105896,1,5846.315505,12655549,63.40716247,988828707,12299.12032,593
8.429879047,81.04845715,1,13023.92947,9449594,1086.144905,1333526685,3865.590491,2171
8.059537,80.595068,1,6797.825979,6182307,4773.363739,158821460,1022.523457,10556
8.059529,80.59501,1,6793.996407,6182307,4779.702754,158821460,1018.401653,10556
8.059591,80.59567,1,6834.998892,6182307,4707.414283,158821460,1064.033507,10556
8.091455,80.795382,1,33913.61769,9449594,1707.893134,765604001,3580.581757,5244
8.091243,80.795264,1,33940.36802,9449594,1732.02362,765604001,3600.060845,5244
8.091589,80.795611,1,33887.4692,9449594,1678.717166,765604001,3572.681621,5244
8.247994,80.93193,1,12998.90974,9134251,6753.33073,432255108,2451.151242,607
8.248369,80.932113,1,13003.50965,9134251,6799.361635,432255108,2497.103792,607
8.247973,80.93193,1,12997.69466,9134251,6751.307141,432255108,2449.156018,607
8.056984,80.770396,1,38611.13083,9449594,6340.7525,765604001,75.97665538,12586
8.057117,80.770244,1,38608.02238,9449594,6340.653937,765604001,54.46962787,12586
8.056984,80.770284,1,38617.90104,9449594,6348.846684,765604001,69.47257297,12586
8.092631195,80.79635479,1,33746.1689,9449594,1546.15832,765604001,3484.244292,5244
8.092579,80.796422,1,33746.9996,9449594,1543.157081,765604001,3491.913657,5244
8.092732,80.79645,1,33731.11047,9449594,1531.272845,765604001,3476.625028,5244
8.091867,80.795689,1,33856.98185,9449594,1654.155476,765604001,3545.242337,5244
8.091768,80.795684,1,33866.47569,9449594,1660.807177,765604001,3555.662414,5244
8.311015,80.958811,1,15985.29409,9134251,2143.665491,452891295,10007.0748,607
8.311304,80.959382,1,15981.05333,9134251,2174.278337,452891295,10062.65506,607
8.311332,80.959437,1,15980.67681,9134251,2177.343043,452891295,10068.03488,607
8.064101,80.908513,1,32056.65387,9449594,894.9823019,101621904,2522.577064,612
8.064133,80.908759,1,32048.14827,9449594,872.1129248,101621904,2502.364313,612
8.06419,80.908051,1,32056.48733,9449594,945.3096951,101621904,2548.512816,612
7.936319,81.242276,1,9809.151377,9096330,1161.944707,475959273,14571.31503,2764
7.9364,81.241931,1,9841.711764,9096330,1124.038958,475959273,14610.32167,2764
8.250787,79.829236,1,34420.05728,8484223,8821.65184,98307698,9923.056343,5230
8.719223,80.236824,1,2321.722946,483250739,3161.830493,747171850,3837.207171,14279
8.719519,80.236562,1,2278.138717,483250739,3120.939646,747171850,3812.226787,14279
8.719386,80.236671,1,2297.118401,483250739,3138.458158,747171850,3822.455918,14279
9.160796,80.430088,1,4982.177365,11178345,4129.180083,628793905,95.70377262,11681
9.161332,80.429908,1,5030.135051,11178345,4101.915929,628793905,76.75229135,11681
9.161303,80.429866,1,5025.476495,11178345,4107.465764,628793905,82.05219001,11681
9.161233,80.429928,1,5020.72488,11178345,4107.939777,628793905,78.19285645,11681
9.160919,80.430049,1,4993.247246,11178345,4122.675096,628793905,87.68556855,11681
8.058446,80.703364,1,8599.14506,7623803,7171.159545,158821460,6910.980783,2239
8.058045,80.704343,1,8640.6414,7623803,7278.424732,158821460,6882.239644,2239
8.057977,80.704504,1,8647.824381,7623803,7296.090228,158821460,6877.874873,2239
8.058043,80.704437,1,8640.661814,7623803,7288.782871,158821460,6876.313965,2239
8.143466,80.836539,1,26629.05066,9449594,5711.774344,765604001,2858.599377,5243
8.143409,80.836469,1,26638.45229,9449594,5702.270848,765604001,2867.044049,5243
8.143446764,80.83645972,1,26635.42224,9449594,5705.202477,765604001,2863.419087,5243
8.078544,80.787424,1,35588.95488,9449594,3312.810979,765604001,3014.495202,12586
8.078466,80.787405,1,35597.33895,9449594,3320.518944,765604001,3006.515933,12586
8.079147,80.787515,1,35527.49073,9449594,3257.707031,765604001,3072.471219,12586
8.077712,80.787285,1,35674.59848,9449594,3390.57531,765604001,2934.202992,12586
8.076547,80.787094,1,35794.36802,9449594,3500.473733,765604001,2823.384257,12586
8.083425,80.789902,1,34987.34328,9449594,2738.446756,765604001,3607.004525,12586
8.083786,80.790138,1,34939.69279,9449594,2692.226086,765604001,4326.030834,5244
8.311053,80.95893,1,15982.26549,9134251,2147.432983,452891295,10016.41385,607
8.310696,80.958307,1,15983.21988,9134251,2111.176081,452891295,9951.752417,607
8.309835,80.957374,1,15954.51048,9134251,2025.524664,452891295,9822.430348,607
7.942743,81.239494,1,10540.67627,9096330,749.9156033,475959273,1350.574038,3173
7.942488,81.238803,1,10570.55991,9096330,669.2307802,475959273,1307.063944,3173
7.942423,81.238602,1,10580.10536,9096330,646.0153808,475959273,1294.442253,3173
7.942549717,81.23854103,1,10595.00238,9096330,642.8093699,475959273,1280.339482,3173
8.106338,80.876585,1,28451.3473,9449594,708.1177812,404995545,1273.7169,606
8.106498,80.876542,1,28436.24188,9449594,724.7864452,404995545,1259.562169,606
8.107071,80.876471,1,28379.11775,9449594,779.5841044,404995545,1205.711539,606
8.106102,80.876623,1,28474.56646,9449594,685.5182472,404995545,1295.900912,606
7.833539507,80.26343591,1,1880.245841,1200633677,3021.800528,351922070,4411.156399,14469
7.833539507,80.26343591,1,1880.245841,1200633677,3021.800528,351922070,4411.156399,14469
7.83322,80.263414,1,1853.045482,1200633677,3034.199581,351922070,4402.81875,14469
7.833791,80.263286,1,1912.488651,1200633677,3030.043242,351922070,4435.433998,14469
7.833382,80.263323,1,1873.429279,1200633677,3038.662338,351922070,4417.752055,14469
7.989295146,80.27040222,1,136.9970322,898514495,527.8598704,891590436,145.914018,10987
7.989201,80.270415,1,128.7695074,898514495,520.1521764,891590436,156.1817922,10987
7.989507,80.270479,1,161.6195684,898514495,551.9762987,891590436,122.0070378,10987
7.990387,80.270608,1,457.8589878,898514496,641.9954865,891590436,26.58293148,10987
7.988873,80.270389,1,98.00890379,898514495,489.3136125,891590436,150.9900527,10995
7.991169,80.270755,1,402.2880383,898514496,725.4758872,891590436,46.96157619,10988
7.991012,80.270717,1,413.3828432,898514496,708.184695,891590436,30.81935197,10988
7.992459,80.270987,1,342.952294,898514496,864.6528289,891590436,190.3856758,10988
7.990290064,80.27060964,1,463.6295334,898514496,632.8490981,891590436,36.78274051,10987
7.988779,80.270361,1,88.35083749,898514495,479.2158799,891590436,140.2472093,10995
7.989032,80.270391,1,111.8082218,898514495,503.4743756,891590436,168.4125612,10995
7.990194,80.27061,1,469.6338157,898514496,623.7621372,891590436,47.08952459,10987
7.990722,80.270662,1,433.6007887,898514496,677.1362739,891590436,5.687299527,10989
7.991628,80.270847,1,374.8864617,898514496,775.2241873,891590436,97.52598807,10988
8.062397,80.624252,1,3276.043866,1217679447,1649.238192,158821460,3794.401025,10563
8.06241,80.624542,1,3256.954439,1217679447,1619.730707,158821460,3823.26147,10563
8.062373,80.624042,1,3291.320356,1217679447,1670.120953,158821460,3772.766307,10563
8.06235,80.623681,1,3316.147666,1217679447,1706.824503,158821460,3736.589644,10563
8.062402775,80.62438247,1,3267.437374,1217679447,1635.948484,158821460,3807.375188,10563
8.092027,80.795597,1,33847.63337,9449594,1652.67725,765604001,3525.506997,5244
8.091859,80.795893,1,33845.52154,9449594,1636.140228,765604001,3552.074406,5244
8.093002,80.79663,1,33695.26328,9449594,1498.404379,765604001,3453.979399,5244
8.091255,80.795313,1,33936.32107,9449594,1726.851513,765604001,3600.107328,5244
9.05584,80.483503,1,10399.1527,11178345,14807.12216,628793905,7355.967185,641
9.05611,80.483313,1,10363.62996,11178345,14773.71859,628793905,7338.920976,641
9.055985,80.483494,1,10387.66348,11178345,14791.2075,628793905,7342.133712,641
9.055937,80.483459,1,10388.36812,11178345,14795.64807,628793905,7348.612222,641
9.05586,80.483516,1,10398.72828,11178345,14805.23755,628793905,7353.347371,641
9.054229,80.484405,1,10592.44402,11178345,15001.55068,628793905,7471.582392,641
8.064252,80.900109,1,32225.31645,9449594,1780.690747,101621904,3191.970279,612
8.064252,80.899819,1,32232.15865,9449594,1811.855014,101621904,3217.686812,612
8.064221,80.902683,1,32169.26901,9449594,1504.647453,101621904,2971.237596,612
8.064237,80.90256,1,32170.3212,9449594,1518.19378,101621904,2980.516375,612
8.064328,80.899642,1,32228.14123,9449594,1832.742047,101621904,3228.496865,612
7.942447,81.238928,1,10557.95805,9096330,681.6528851,475959273,1320.65633,3173
7.942646,81.239012,1,10568.11515,9096330,695.7587116,475959273,1314.375068,3173
7.951562786,80.45609147,1,3697.3225,519016206,6831.046996,101262974,8000.53394,9030
7.951674,80.456397,1,3676.763394,519016206,6866.284629,101262974,7965.109994,9030
7.951441,80.455968,1,3700.883889,519016206,6812.459834,101262974,8018.971334,9030
7.9522,80.457005,1,3656.519267,519016206,6953.650603,101262974,7878.28747,9030
7.951,80.455247,1,3739.828698,519016206,6719.205918,101262974,8112.146466,9030
8.739081108,80.21361294,1,8212.306853,9425152,729.6380459,747171850,2897.339432,14279
8.739066,80.213719,1,8223.586389,9425152,731.7834625,747171850,2900.935319,14279
8.739272,80.213406,1,8193.059026,9425152,743.1288016,747171850,2906.590456,14279
8.739558,80.212879,1,8140.792938,9425152,760.2861974,747171850,2911.255385,14279
8.738336,80.214796,1,8329.008177,9425152,707.898474,747171850,2883.858429,14279
8.739958,80.211868,1,8038.316801,9425152,791.0072603,747171850,2909.065379,14279
8.739807,80.212313,1,8083.820664,9425152,778.1159435,747171850,2911.982003,14279
8.06424,80.899856,1,32232.58027,9449594,1807.584499,101621904,3215.185537,612
8.064243,80.90026,1,32222.73825,9449594,1764.250068,101621904,3179.220962,612
8.120089,79.862665,1,4151.252109,1455385829,6149.02037,98307698,4150.17617,5276
8.120203,79.86268,1,4160.960442,1455385829,6137.754997,98307698,4159.882288,5276
8.120497,79.862684,1,4183.261341,1455385829,6107.401302,98307698,4182.176851,5276
8.119821,79.862613,1,4127.122289,1455385829,6174.895234,98307698,4126.051279,5276
8.229622,79.862663,1,33297.9997,8484223,6684.497075,98307698,7277.58256,5230
8.055775,80.777809,1,38282.40886,9449594,5948.408603,765604001,883.4524385,12586
8.055636,80.77787,1,38291.8564,9449594,5957.380009,765604001,893.5104403,12586
8.055713,80.777829,1,38287.0446,9449594,5952.851123,765604001,887.1399503,12586
8.05551,80.777392,1,38331.67594,9449594,5998.493515,765604001,845.9919155,12586
8.055883,80.778117,1,38254.24919,9449594,5919.515185,765604001,914.1223762,12586
8.085269,80.791222,1,34737.0835,9449594,2493.492628,765604001,4173.3928,5244
8.085389,80.791216,1,34726.30279,9449594,2485.158876,765604001,4160.125785,5244
8.085225,80.79114,1,34746.08009,9449594,2503.474223,765604001,4177.289449,5244
7.911381458,81.08170305,1,5900.40587,12655549,11.59613259,988828707,12249.72263,593
7.911381458,81.08170305,1,5900.40587,12655549,11.59613259,988828707,12249.72263,593
7.911381458,81.08170305,1,5900.40587,12655549,11.59613259,988828707,12249.72263,593
7.911381458,81.08170305,1,5900.40587,12655549,11.59613259,988828707,12249.72263,593
7.911454,81.081596,1,5901.527283,12655549,7.859836762,988828707,12247.28682,593
7.91149,81.081723,1,5911.919675,12655549,18.17810005,988828707,12237.87941,593
7.91138,81.081686,1,5899.332775,12655549,9.720423455,988828707,12250.6446,593
7.911393,81.081718,1,5902.332362,12655549,13.28992278,988828707,12247.88019,593
8.057980141,80.78022098,1,37934.62577,9449594,5597.998992,765604001,1128.502156,12586
8.057980141,80.78022098,1,37934.62577,9449594,5597.998992,765604001,1128.502156,12586
8.058012,80.780248,1,37930.05977,9449594,5593.419253,765604001,1131.634413,12586
8.058039,80.780219,1,37929.21962,9449594,5592.677391,765604001,1128.583029,12586
7.911494,81.081734,1,5912.905321,12655549,19.39195759,988828707,12236.97621,593
7.9115,81.081773,1,5915.615351,12655549,23.24555333,988828707,12234.59899,593
8.055547195,80.75067049,1,39973.61546,9449594,8033.85308,765604001,5927.86301,2239
8.055547195,80.75067049,1,39973.61546,9449594,8033.85308,765604001,5927.86301,2239
8.055431,80.750725,1,39980.54058,9449594,8037.05005,765604001,5941.57429,2239
8.055502,80.750755,1,39972.23471,9449594,8029.601425,765604001,5934.43482,2239
8.055581,80.751072,1,39944.75057,9449594,7996.727739,765604001,5932.170131,2239
8.055437,80.750557,1,39990.81383,9449594,8051.215189,765604001,5937.664745,2239
9.156536,80.432248,1,4648.660276,11178345,4321.17923,628793905,394.7462275,11682
9.15662,80.432197,1,4654.478498,11178345,4317.431224,628793905,384.3656597,11682
9.156536,80.432323,1,4652.34747,11178345,4316.039008,628793905,396.8781326,11682
9.156587,80.432293,1,4655.916358,11178345,4313.685208,628793905,390.5631614,11682
8.13865,80.832824,1,27297.10477,9449594,5042.072261,765604001,3500.945484,5243
8.138681,80.832852,1,27292.56816,9449594,5046.624897,765604001,3496.605284,5243
8.138642,80.832879,1,27294.68522,9449594,5044.608966,765604001,3499.478207,5243
7.96900319,80.26237221,1,361.2425911,1013382079,103.0420737,279771192,528.0615563,11020
7.96900319,80.26237221,1,361.2425911,1013382079,103.0420737,279771192,528.0615563,11020
7.96900319,80.26237221,1,361.2425911,1013382079,103.0420737,279771192,528.0615563,11020
7.968904,80.262461,1,346.7096468,1013382079,104.8551816,279771192,515.5483436,11020
7.96887,80.262398,1,349.771235,1013382079,112.0951878,279771192,521.2026114,11020
7.911141,81.081028,1,5840.594871,12655549,68.2997496,988828707,12304.76456,593
7.911168,81.081103,1,5847.244918,12655549,59.52312617,988828707,12298.60772,593
7.91107,81.080972,1,5830.726652,12655549,77.20700535,988828707,12314.47503,593
7.911148,81.081061,1,5843.04948,12655549,64.65251846,988828707,12302.54589,593
8.430027,81.048409,1,13031.33863,9449594,1100.921189,1333526685,3870.450561,2171
8.429971,81.048357,1,13022.92156,9449594,1093.635575,1333526685,3876.333425,2171
8.430005,81.048498,1,13036.77534,9449594,1100.731926,1333526685,3860.713852,2171
8.138008,80.832489,1,27376.92666,9449594,4962.388788,765604001,3580.642483,5243
8.138028,80.832424,1,27378.79267,9449594,4960.370097,765604001,3581.325868,5243
8.138038,80.83248,1,27374.619,9449594,4964.640054,765604001,3577.950945,5243
